,run,test_accuracy
0,0,0.5261666666666667
1,1,0.5451666666666667
2,2,0.5328333333333334
3,3,0.5341666666666667
4,4,0.5423333333333333
5,5,0.5396666666666666
6,6,0.5375
7,7,0.5316666666666666
8,8,0.532
9,9,0.5478333333333333
