,run,test_accuracy
0,0,0.9709722222222222
1,1,0.9730555555555556
2,2,0.9701388888888889
3,3,0.9690277777777778
4,4,0.9716666666666667
5,5,0.9709722222222222
6,6,0.9731944444444445
7,7,0.97125
8,8,0.9706944444444444
9,9,0.9691666666666666
